{
  "mode": "single_run",
  "acoustic_domain": {
    "type": "symmetric_injector",
    "element_size": 0.1,
    "channel_height": 10.0,
    "channel_width": 1.0,
    "actuator_length": 0.8,
    "nozzle_r": 0.1,
    "nozzle_l": 0.2,
    "nozzle_offset": 0.2
  },
  "constants": {
    "length": 1.0e-4,
    "sound_speed": 1.0e3,
    "density": 1.0e3,
    "Mach": 1.0e-3,
    "surface_tension": 50.0e-3,
    "viscosity": 2.0e-2,
    "Pr": 10
  },
  "time_domain": {
    "final_time": 3.0,
    "dt": 0.0025
  },
  "control_space": {
    "type": "piecewise_linear",
    "window": 0.05,
    "upper_limit": 0.05,
    "lower_limit": -0.05,
    "algorithm": "TNC",
    "control_default": [0.0022045909838973475,0.003608890864754327,0.005120422609825171,0.006026424313579993,0.006532748733165544,0.0070915726023448745,0.007393192204285101,0.006859851432943736,0.005916554589765225,0.005365257594910043,0.005371652313399201,0.0054427109216967084,0.005431168056786863,0.005178200004638469,0.004857127320210605,0.004587945724359612,0.004370689522956834,0.004080290412823002,0.003785948389612798,0.0037080728635885667,0.0031426393416860046,0.0025555925705663266,0.0020028143445218584,0.0015505222035670843,0.0012293408879842365,0.0007622503273686866,0.00021608194444213766,0.00028707394503720013,0.00038533171290528937,-0.00014716342787103617,-0.0013084375401098938,-0.0027163723895139093,-0.0037329400365715146,-0.004136677722418271,-0.0041874600526588006,-0.0045580411918848185,-0.0036637572700272195,-0.002754672221974789,-0.0008825198910513652,-0.00011374545401673136,-6.9012050602476955e-06,0.00012506978161340887,8.983492433546647e-05,0.00019430052045463456,0.0001830762466358829,0.0002614379481261222,0.00033771448083427927,0.00042649472694041474,0.00045188183843151216,0.00046854497067581164,0.000492491890162696,0.0005365389633346348,0.0005874794107288504,0.0005861272126772021,0.0006548886602313175,0.0006834700007571623,0.0007003457477916978,0.00071520899347647,0.0007310146141758583,0.0007254252572413699,0.0007446743180008889,0.0007643047438925658,0.000820695075089282,0.0008227249892087147,0.0008175373495547432,0.0008204909264406354,0.0008220667136285641,0.0008146081214427585,0.00084176335863372,0.0008343281194659312,0.0008804281422160003,0.000889574012990222,0.0008673936727104331,0.0008644232185991583,0.0008533756499594133,0.0008529578263820964,0.0009096347223429469,0.0009315809258457804,0.0008799411456350191,0.0007389379415439222,-0.00026553853919154266,-0.0017062150652178555,-0.0023701536723987923,-0.0029036604215099786,-0.002910451874771163,-0.0027249515902430525,-0.0024467258746680457,-0.0016485235114207938,-0.00047216716618196923,0.00042611239290882237,0.0008331916139460596,0.0010301519383390174,0.0012803222509214928,0.0016367560855809783,0.002023267860006286,0.002390559680814784,0.0026312542480096904,0.0029165674191303334,0.0032081846755746372,0.0033467066604912854,0.003560984643902565,0.003992901817898441,0.004295398022223501,0.004529489011753662,0.004620995225506804,0.004707073298972339,0.004811254844974438,0.004645423617543281,0.004253959602705936,0.004251360656569754,0.004790963763705486,0.005516049075218322,0.005989204924647142,0.005815570419145592,0.005347128131257319,0.00490456638045433,0.004112525608240503,0.0026988447792282225,0.0013421868743570373]
  },
  "nozzle_domain": {
    "initial_curvature": 0.25,
    "length": 10.0e-6,
    "radius": 10.0e-6
  },
  "logging": {
    "energy_history": "energy_history_",
    "optimisation": "optimisation_log_",
    "plot_frequency": 4
  }
}